package,year,median,p10,p90
P04,2025,1.0,1.0,1.0
P04,2026,0.9334,0.9058,0.9518
P04,2027,0.8647,0.8118,0.9147
P04,2028,0.7905,0.7189,0.8713
P04,2029,0.7398,0.6603,0.8446
P04,2030,0.6642,0.5534,0.7895
P04,2031,0.6246,0.5043,0.7534
P04,2032,0.5798,0.4582,0.7137
P04,2033,0.55,0.4238,0.6925
P04,2034,0.5148,0.3897,0.6666
P04,2035,0.487,0.3662,0.6452
P04,2036,0.4366,0.3126,0.5953
P04,2037,0.4161,0.2945,0.5772
P04,2038,0.3632,0.2497,0.5106
P04,2039,0.3328,0.2283,0.473
P04,2040,0.301,0.2019,0.4242
P04,2041,0.2884,0.1957,0.4095
P04,2042,0.2686,0.182,0.3849
P04,2043,0.255,0.1708,0.3654
P04,2044,0.2463,0.1632,0.3576
P04,2045,0.2249,0.148,0.326
P04,2046,0.2115,0.1386,0.3133
P04,2047,0.1972,0.1308,0.2827
P04,2048,0.1868,0.1189,0.2641
P04,2049,0.1829,0.115,0.2575
P04,2050,0.1794,0.109,0.2531
P12,2025,1.0,1.0,1.0
P12,2026,0.9,0.8835,0.9204
P12,2027,0.7954,0.771,0.8382
P12,2028,0.7004,0.6571,0.7731
P12,2029,0.6453,0.6038,0.7204
P12,2030,0.5541,0.5,0.6449
P12,2031,0.5138,0.4534,0.6063
P12,2032,0.4674,0.4084,0.5644
P12,2033,0.4372,0.3778,0.5398
P12,2034,0.4062,0.3496,0.5196
P12,2035,0.3802,0.3254,0.4927
P12,2036,0.3396,0.2851,0.4446
P12,2037,0.3281,0.2723,0.4308
P12,2038,0.2862,0.2269,0.3792
P12,2039,0.2692,0.208,0.3616
P12,2040,0.2446,0.19,0.3269
P12,2041,0.2339,0.1848,0.3126
P12,2042,0.2204,0.1718,0.2985
P12,2043,0.2108,0.1625,0.2846
P12,2044,0.2046,0.1562,0.2746
P12,2045,0.1909,0.1421,0.2566
P12,2046,0.1803,0.1332,0.2409
P12,2047,0.1747,0.1278,0.2261
P12,2048,0.1696,0.121,0.2183
P12,2049,0.1664,0.1179,0.2152
P12,2050,0.1638,0.1121,0.2144
P21,2025,1.0,1.0,1.0
P21,2026,0.9122,0.8901,0.9285
P21,2027,0.8212,0.7843,0.8626
P21,2028,0.7438,0.6809,0.8123
P21,2029,0.6947,0.6305,0.7749
P21,2030,0.6218,0.5359,0.709
P21,2031,0.5795,0.4878,0.6762
P21,2032,0.5357,0.4395,0.6387
P21,2033,0.5039,0.4057,0.6138
P21,2034,0.469,0.3727,0.5827
P21,2035,0.4392,0.346,0.5624
P21,2036,0.395,0.3019,0.507
P21,2037,0.38,0.2873,0.494
P21,2038,0.3292,0.2395,0.4298
P21,2039,0.3062,0.2195,0.4026
P21,2040,0.2804,0.1966,0.3683
P21,2041,0.2728,0.1886,0.3563
P21,2042,0.2542,0.1739,0.3362
P21,2043,0.2426,0.1648,0.321
P21,2044,0.2351,0.1574,0.3102
P21,2045,0.2142,0.1425,0.2863
P21,2046,0.1972,0.1306,0.2677
P21,2047,0.1882,0.1236,0.2517
P21,2048,0.1778,0.1161,0.2403
P21,2049,0.1755,0.1133,0.2355
P21,2050,0.1726,0.1074,0.2327
no_policy,2025,1.0,1.0,1.0
no_policy,2026,0.9716,0.9332,0.9881
no_policy,2027,0.9492,0.8689,0.9874
no_policy,2028,0.9202,0.8134,0.9773
no_policy,2029,0.9209,0.7874,1.0031
no_policy,2030,0.8892,0.7015,1.0065
no_policy,2031,0.8572,0.6495,0.9954
no_policy,2032,0.8103,0.6041,0.9701
no_policy,2033,0.773,0.5687,0.9533
no_policy,2034,0.7295,0.5302,0.9305
no_policy,2035,0.6993,0.5036,0.9112
no_policy,2036,0.6445,0.4453,0.8648
no_policy,2037,0.617,0.4231,0.8507
no_policy,2038,0.5556,0.3646,0.7844
no_policy,2039,0.5122,0.3279,0.7388
no_policy,2040,0.4672,0.2972,0.688
no_policy,2041,0.4452,0.2856,0.6631
no_policy,2042,0.4216,0.2686,0.6471
no_policy,2043,0.399,0.2568,0.6138
no_policy,2044,0.3861,0.2486,0.6022
no_policy,2045,0.3586,0.229,0.5642
no_policy,2046,0.3372,0.2203,0.5153
no_policy,2047,0.3134,0.2144,0.4795
no_policy,2048,0.2982,0.1982,0.4635
no_policy,2049,0.2943,0.1946,0.4526
no_policy,2050,0.2887,0.1866,0.4472
