future,ev_parity_year,fuel_price_growth,telework_2050,pop_growth,peer_effect,vehicle_lifetime,cost_sens_scale,time_sens_scale,ice_ef_decline,meets_P12,meets_P21,meets_P04,meets_no_policy
0,2026.636,0.019,0.29,0.007,2.519,12.69,0.788,1.265,0.023,True,True,True,True
1,2032.564,0.014,0.22,0.013,1.997,10.605,0.896,1.083,0.008,True,True,True,False
2,2029.593,-0.011,0.18,0.003,2.133,11.161,1.148,1.252,0.011,True,True,True,False
3,2031.142,-0.013,0.013,0.006,1.661,16.897,0.726,0.929,0.006,False,False,False,False
4,2028.573,-0.016,0.291,0.014,1.843,15.514,1.288,1.293,0.029,True,True,True,False
5,2033.985,-0.018,0.104,0.001,1.417,15.123,0.835,0.702,0.013,True,True,True,False
6,2027.71,0.01,0.145,0.009,2.877,11.053,0.812,0.796,0.019,True,True,True,True
7,2036.929,0.035,0.203,0.011,0.906,16.569,0.978,0.887,0.021,True,True,False,False
8,2027.194,0.002,0.165,0.01,0.538,13.468,0.981,1.011,0.02,True,True,True,False
9,2032.301,-0.009,0.262,0.002,1.327,15.677,1.161,0.838,0.017,True,True,True,False
10,2036.301,0.028,0.05,0.011,2.302,14.011,1.077,0.841,0.025,True,True,True,False
11,2031.683,0.001,0.138,0.007,0.808,14.462,0.929,1.071,0.006,True,False,False,False
12,2039.981,-0.017,0.084,0.003,1.228,13.196,0.745,0.91,0.004,True,True,False,False
13,2028.302,-0.004,0.119,0.008,2.657,11.609,0.709,1.155,0.03,True,True,True,True
14,2037.252,-0.004,0.199,0.001,1.541,15.986,0.864,0.809,0.008,True,True,False,False
15,2030.007,0.012,0.124,0.004,2.963,16.253,1.088,1.203,0.014,True,True,True,False
16,2033.744,0.03,0.06,0.012,0.258,11.379,1.22,1.053,0.002,True,True,True,False
17,2026.162,0.025,0.183,0.005,0.687,12.169,1.119,1.192,0.004,True,True,True,False
18,2034.639,0.038,0.062,0.0,1.773,14.837,1.222,0.87,0.02,True,True,True,False
19,2038.136,0.007,0.008,0.009,0.119,17.022,1.041,1.121,0.027,False,False,False,False
20,2030.265,-0.0,0.239,0.004,2.429,12.089,0.852,0.982,0.026,True,True,True,True
21,2028.997,0.038,0.155,0.012,1.191,14.538,1.269,0.98,0.014,True,True,True,False
22,2039.077,-0.007,0.077,0.005,1.033,17.681,0.948,1.028,0.0,False,False,False,False
23,2035.766,0.021,0.093,0.008,0.761,13.983,1.245,0.758,0.017,True,True,True,False
24,2035.859,0.023,0.021,0.013,0.308,12.633,1.199,0.739,0.024,True,True,True,False
25,2030.837,0.005,0.278,0.01,2.268,10.344,1.131,0.95,0.015,True,True,True,True
26,2035.29,0.027,0.258,0.006,2.751,17.736,0.776,1.101,0.01,True,False,False,False
27,2033.242,0.01,0.224,0.002,0.409,10.249,1.003,1.172,0.023,True,True,True,True
28,2037.669,0.016,0.245,0.014,0.012,13.444,0.906,1.224,0.002,True,False,False,False
29,2038.916,0.032,0.038,0.015,2.058,17.322,1.038,0.772,0.01,False,False,False,False
