year,car,bus,bike
2025,0.6792,0.1003,0.2205
2026,0.6668,0.0944,0.2387
2027,0.6541,0.0889,0.2569
2028,0.6403,0.084,0.2752
2029,0.6258,0.0794,0.2938
2030,0.6111,0.0753,0.3126
2031,0.6104,0.0752,0.3126
2032,0.6133,0.0746,0.3114
2033,0.6138,0.0744,0.3112
2034,0.614,0.0745,0.3113
2035,0.6142,0.0746,0.3112
2036,0.6146,0.0744,0.3114
2037,0.6147,0.0746,0.3115
2038,0.6149,0.0747,0.3114
2039,0.615,0.0747,0.3113
2040,0.6143,0.0746,0.3106
2041,0.615,0.0748,0.3103
2042,0.6158,0.0748,0.31
2043,0.616,0.0749,0.3102
2044,0.6162,0.0749,0.31
2045,0.6166,0.0744,0.31
2046,0.6172,0.0743,0.3093
2047,0.6171,0.074,0.309
2048,0.6174,0.0741,0.3084
2049,0.6172,0.0741,0.3084
2050,0.6172,0.0743,0.3086
