id,text
banking77-train-8748,I want to be sure that everything is okay here. I just made a transfer from a UK account and it is still not showing up. How long does this typically take?
banking77-train-8686,How long do I need to wait to see an update after I make a bank transfer?
banking77-train-81,"I've been waiting a while for my card, is there a way to know when it will arrive?"
banking77-train-8702,How long does a bank transfer take to show up in available funds?
banking77-train-6720,How long does it take to make an urgent transfer from China?
banking77-train-658,A pending charge of 1L appears on my statement.  Please explain as I have not made a purchase for that amount
banking77-train-2243,How much is ok for me to top up with?
banking77-train-328,from where are coming your exchange rates?
banking77-train-449,You did not give me the correct exchange rate for an item that I bought.
banking77-train-4388,Is it possible to have more than one disposable card?
banking77-train-8310,"While abroad I got cash, and a wrong exchange rate was applied."
banking77-train-443,This exchange rate on my purchase is wrong.
