"id","text","final_label","decision_source","reviewer","model","top_probability"
"banking77-train-8748","I want to be sure that everything is okay here. I just made a transfer from a UK account and it is still not showing up. How long does this typically take?","","unresolved","","Qwen/Qwen3.5-2B","0.38091714337237786"
"banking77-train-8686","How long do I need to wait to see an update after I make a bank transfer?","","unresolved","","Qwen/Qwen3.5-2B","0.7359642851636051"
"banking77-train-81","I've been waiting a while for my card, is there a way to know when it will arrive?","","unresolved","","Qwen/Qwen3.5-2B","0.7647891006007279"
"banking77-train-8702","How long does a bank transfer take to show up in available funds?","","unresolved","","Qwen/Qwen3.5-2B","0.5681732421964417"
"banking77-train-6720","How long does it take to make an urgent transfer from China?","","unresolved","","Qwen/Qwen3.5-2B","0.869507233422162"
"banking77-train-658","A pending charge of 1L appears on my statement.  Please explain as I have not made a purchase for that amount","","unresolved","","Qwen/Qwen3.5-2B","0.7018272658163298"
"banking77-train-2243","How much is ok for me to top up with?","","unresolved","","Qwen/Qwen3.5-2B","0.4272645621525725"
"banking77-train-328","from where are coming your exchange rates?","","unresolved","","Qwen/Qwen3.5-2B","0.7612697625515767"
"banking77-train-449","You did not give me the correct exchange rate for an item that I bought.","","unresolved","","Qwen/Qwen3.5-2B","0.5992445115239186"
"banking77-train-4388","Is it possible to have more than one disposable card?","","unresolved","","Qwen/Qwen3.5-2B","0.3755023076751359"
"banking77-train-8310","While abroad I got cash, and a wrong exchange rate was applied.","","unresolved","","Qwen/Qwen3.5-2B","0.5340659545779106"
"banking77-train-443","This exchange rate on my purchase is wrong.","","unresolved","","Qwen/Qwen3.5-2B","0.6516283045341568"